<?xml version="1.0" encoding="UTF-8"?>
<svg width="24px" height="40px" viewBox="0 0 24 40" version="1.1" xmlns="http://www.w3.org/2000/svg" xmlns:xlink="http://www.w3.org/1999/xlink">
    <title>RDS / 48 / Product / Wireless-device</title>
    <g id="NAC-MVP---OVE-2134---Consumer-checkout-flow-optimized-for-agents" stroke="none" stroke-width="1" fill="none" fill-rule="evenodd">
        <g id="OVE-NAC-MVP---Account-overview---Scenario-2" transform="translate(-318.000000, -275.000000)">
            <rect id="Rectangle" stroke="#D7D7D7" x="144" y="231" width="368" height="176"></rect>
            <g id="Group" transform="translate(306.000000, 271.000000)" fill-rule="nonzero">
                <g id="RDS-/-48-/-Product-/-Wireless-device">
                    <rect id="Bounding-Box" x="0" y="0" width="24" height="24"></rect>
                    <path d="M16,4 L16,8 L30,8 C33.3137085,8 36,10.6862915 36,14 L36,38 C36,41.3137085 33.3137085,44 30,44 L18,44 C14.6862915,44 12,41.3137085 12,38 L12,4 L16,4 Z M30,12 L16,12 L16,38 C16,39.1045695 16.8954305,40 18,40 L30,40 C31.1045695,40 32,39.1045695 32,38 L32,14 C32,12.8954305 31.1045695,12 30,12 Z M24,32 C25.1111111,32 26,32.8888889 26,34 C26,35.1111111 25.1111111,36 24,36 C22.8888889,36 22,35.1111111 22,34 C22,32.8888889 22.8888889,32 24,32 Z" id="🎨-Icon-Colour" fill="#000"></path>
                </g>
            </g>
        </g>
    </g>
</svg>